{
  "version": "2.0",
  "settings": {
    "interval": 1000,
    "resetDuration": 1000,
    "diceCount": 2,
    "diceSides": 6,
    "duration": 60,
    "volume": 0,
    "soundEnabled": true,
    "seed": 12345
  },
  "eventDefinitions": [
    {
      "id": 1767751486760.642,
      "rules": [
        {
          "dieIndex": 0,
          "operator": "==",
          "value": 1
        },
        {
          "dieIndex": 1,
          "operator": "==",
          "value": 1
        },
        {
          "dieIndex": 0,
          "operator": "!=",
          "value": 1
        }
      ]
    }
  ]
}